<?xml version = '1.0' encoding = 'UTF-8'?>
<index xsi:noNamespaceSchemaLocation="http://www.vplants.org/metadata/vpindex.xsd" xmlns:xsi="http://www.w3.org/2001/XMLSchema-instance">

<herbcd>MOR</herbcd>
<taxon><link>
http://vplants.mortonarb.org/xsql/metadata/vphdr.xsql?id=5</link><link>
http://vplants.mortonarb.org/xsql/metadata/vphdr.xsql?id=6</link><link>
http://vplants.mortonarb.org/xsql/metadata/vphdr.xsql?id=7</link><link>
http://vplants.mortonarb.org/xsql/metadata/vphdr.xsql?id=8</link><link>
http://vplants.mortonarb.org/xsql/metadata/vphdr.xsql?id=9</link><link>
http://vplants.mortonarb.org/xsql/metadata/vphdr.xsql?id=10</link><link>
http://vplants.mortonarb.org/xsql/metadata/vphdr.xsql?id=11</link><link>
http://vplants.mortonarb.org/xsql/metadata/vphdr.xsql?id=12</link><link>
http://vplants.mortonarb.org/xsql/metadata/vphdr.xsql?id=32</link><link>
http://vplants.mortonarb.org/xsql/metadata/vphdr.xsql?id=33</link><link>
http://vplants.mortonarb.org/xsql/metadata/vphdr.xsql?id=34</link><link>
http://vplants.mortonarb.org/xsql/metadata/vphdr.xsql?id=35</link><link>
http://vplants.mortonarb.org/xsql/metadata/vphdr.xsql?id=36</link><link>
http://vplants.mortonarb.org/xsql/metadata/vphdr.xsql?id=37</link><link>
http://vplants.mortonarb.org/xsql/metadata/vphdr.xsql?id=38</link><link>
http://vplants.mortonarb.org/xsql/metadata/vphdr.xsql?id=39</link><link>
http://vplants.mortonarb.org/xsql/metadata/vphdr.xsql?id=62</link><link>
http://vplants.mortonarb.org/xsql/metadata/vphdr.xsql?id=63</link><link>
http://vplants.mortonarb.org/xsql/metadata/vphdr.xsql?id=108</link><link>
http://vplants.mortonarb.org/xsql/metadata/vphdr.xsql?id=109</link><link>
http://vplants.mortonarb.org/xsql/metadata/vphdr.xsql?id=113</link><link>
http://vplants.mortonarb.org/xsql/metadata/vphdr.xsql?id=114</link><link>
http://vplants.mortonarb.org/xsql/metadata/vphdr.xsql?id=148</link><link>
http://vplants.mortonarb.org/xsql/metadata/vphdr.xsql?id=149</link><link>
http://vplants.mortonarb.org/xsql/metadata/vphdr.xsql?id=150</link><link>
http://vplants.mortonarb.org/xsql/metadata/vphdr.xsql?id=152</link><link>
http://vplants.mortonarb.org/xsql/metadata/vphdr.xsql?id=153</link><link>
http://vplants.mortonarb.org/xsql/metadata/vphdr.xsql?id=183</link><link>
http://vplants.mortonarb.org/xsql/metadata/vphdr.xsql?id=195</link><link>
http://vplants.mortonarb.org/xsql/metadata/vphdr.xsql?id=212</link><link>
http://vplants.mortonarb.org/xsql/metadata/vphdr.xsql?id=266</link><link>
http://vplants.mortonarb.org/xsql/metadata/vphdr.xsql?id=267</link><link>
http://vplants.mortonarb.org/xsql/metadata/vphdr.xsql?id=270</link><link>
http://vplants.mortonarb.org/xsql/metadata/vphdr.xsql?id=280</link><link>
http://vplants.mortonarb.org/xsql/metadata/vphdr.xsql?id=281</link><link>
http://vplants.mortonarb.org/xsql/metadata/vphdr.xsql?id=282</link><link>
http://vplants.mortonarb.org/xsql/metadata/vphdr.xsql?id=283</link><link>
http://vplants.mortonarb.org/xsql/metadata/vphdr.xsql?id=287</link><link>
http://vplants.mortonarb.org/xsql/metadata/vphdr.xsql?id=288</link><link>
http://vplants.mortonarb.org/xsql/metadata/vphdr.xsql?id=289</link><link>
http://vplants.mortonarb.org/xsql/metadata/vphdr.xsql?id=290</link><link>
http://vplants.mortonarb.org/xsql/metadata/vphdr.xsql?id=291</link><link>
http://vplants.mortonarb.org/xsql/metadata/vphdr.xsql?id=292</link><link>
http://vplants.mortonarb.org/xsql/metadata/vphdr.xsql?id=321</link><link>
http://vplants.mortonarb.org/xsql/metadata/vphdr.xsql?id=322</link><link>
http://vplants.mortonarb.org/xsql/metadata/vphdr.xsql?id=359</link><link>
http://vplants.mortonarb.org/xsql/metadata/vphdr.xsql?id=377</link><link>
http://vplants.mortonarb.org/xsql/metadata/vphdr.xsql?id=383</link><link>
http://vplants.mortonarb.org/xsql/metadata/vphdr.xsql?id=384</link><link>
http://vplants.mortonarb.org/xsql/metadata/vphdr.xsql?id=385</link><link>
http://vplants.mortonarb.org/xsql/metadata/vphdr.xsql?id=386</link><link>
http://vplants.mortonarb.org/xsql/metadata/vphdr.xsql?id=387</link><link>
http://vplants.mortonarb.org/xsql/metadata/vphdr.xsql?id=563</link><link>
http://vplants.mortonarb.org/xsql/metadata/vphdr.xsql?id=564</link><link>
http://vplants.mortonarb.org/xsql/metadata/vphdr.xsql?id=565</link><link>
http://vplants.mortonarb.org/xsql/metadata/vphdr.xsql?id=566</link><link>
http://vplants.mortonarb.org/xsql/metadata/vphdr.xsql?id=570</link><link>
http://vplants.mortonarb.org/xsql/metadata/vphdr.xsql?id=571</link><link>
http://vplants.mortonarb.org/xsql/metadata/vphdr.xsql?id=605</link><link>
http://vplants.mortonarb.org/xsql/metadata/vphdr.xsql?id=606</link><link>
http://vplants.mortonarb.org/xsql/metadata/vphdr.xsql?id=610</link><link>
http://vplants.mortonarb.org/xsql/metadata/vphdr.xsql?id=611</link><link>
http://vplants.mortonarb.org/xsql/metadata/vphdr.xsql?id=660</link><link>
http://vplants.mortonarb.org/xsql/metadata/vphdr.xsql?id=671</link><link>
http://vplants.mortonarb.org/xsql/metadata/vphdr.xsql?id=680</link><link>
http://vplants.mortonarb.org/xsql/metadata/vphdr.xsql?id=681</link><link>
http://vplants.mortonarb.org/xsql/metadata/vphdr.xsql?id=700</link><link>
http://vplants.mortonarb.org/xsql/metadata/vphdr.xsql?id=728</link><link>
http://vplants.mortonarb.org/xsql/metadata/vphdr.xsql?id=747</link><link>
http://vplants.mortonarb.org/xsql/metadata/vphdr.xsql?id=768</link><link>
http://vplants.mortonarb.org/xsql/metadata/vphdr.xsql?id=770</link><link>
http://vplants.mortonarb.org/xsql/metadata/vphdr.xsql?id=771</link><link>
http://vplants.mortonarb.org/xsql/metadata/vphdr.xsql?id=772</link><link>
http://vplants.mortonarb.org/xsql/metadata/vphdr.xsql?id=773</link><link>
http://vplants.mortonarb.org/xsql/metadata/vphdr.xsql?id=779</link><link>
http://vplants.mortonarb.org/xsql/metadata/vphdr.xsql?id=794</link><link>
http://vplants.mortonarb.org/xsql/metadata/vphdr.xsql?id=795</link><link>
http://vplants.mortonarb.org/xsql/metadata/vphdr.xsql?id=796</link><link>
http://vplants.mortonarb.org/xsql/metadata/vphdr.xsql?id=797</link><link>
http://vplants.mortonarb.org/xsql/metadata/vphdr.xsql?id=798</link><link>
http://vplants.mortonarb.org/xsql/metadata/vphdr.xsql?id=799</link><link>
http://vplants.mortonarb.org/xsql/metadata/vphdr.xsql?id=800</link><link>
http://vplants.mortonarb.org/xsql/metadata/vphdr.xsql?id=801</link><link>
http://vplants.mortonarb.org/xsql/metadata/vphdr.xsql?id=802</link><link>
http://vplants.mortonarb.org/xsql/metadata/vphdr.xsql?id=803</link><link>
http://vplants.mortonarb.org/xsql/metadata/vphdr.xsql?id=804</link><link>
http://vplants.mortonarb.org/xsql/metadata/vphdr.xsql?id=805</link><link>
http://vplants.mortonarb.org/xsql/metadata/vphdr.xsql?id=806</link><link>
http://vplants.mortonarb.org/xsql/metadata/vphdr.xsql?id=807</link><link>
http://vplants.mortonarb.org/xsql/metadata/vphdr.xsql?id=808</link><link>
http://vplants.mortonarb.org/xsql/metadata/vphdr.xsql?id=834</link><link>
http://vplants.mortonarb.org/xsql/metadata/vphdr.xsql?id=902</link><link>
http://vplants.mortonarb.org/xsql/metadata/vphdr.xsql?id=1074</link><link>
http://vplants.mortonarb.org/xsql/metadata/vphdr.xsql?id=1075</link><link>
http://vplants.mortonarb.org/xsql/metadata/vphdr.xsql?id=1083</link><link>
http://vplants.mortonarb.org/xsql/metadata/vphdr.xsql?id=1084</link><link>
http://vplants.mortonarb.org/xsql/metadata/vphdr.xsql?id=1090</link><link>
http://vplants.mortonarb.org/xsql/metadata/vphdr.xsql?id=1093</link><link>
http://vplants.mortonarb.org/xsql/metadata/vphdr.xsql?id=1094</link><link>
http://vplants.mortonarb.org/xsql/metadata/vphdr.xsql?id=1097</link><link>
http://vplants.mortonarb.org/xsql/metadata/vphdr.xsql?id=1115</link><link>
http://vplants.mortonarb.org/xsql/metadata/vphdr.xsql?id=1116</link><link>
http://vplants.mortonarb.org/xsql/metadata/vphdr.xsql?id=1170</link><link>
http://vplants.mortonarb.org/xsql/metadata/vphdr.xsql?id=1236</link><link>
http://vplants.mortonarb.org/xsql/metadata/vphdr.xsql?id=1272</link><link>
http://vplants.mortonarb.org/xsql/metadata/vphdr.xsql?id=1275</link><link>
http://vplants.mortonarb.org/xsql/metadata/vphdr.xsql?id=1289</link><link>
http://vplants.mortonarb.org/xsql/metadata/vphdr.xsql?id=1290</link><link>
http://vplants.mortonarb.org/xsql/metadata/vphdr.xsql?id=1291</link><link>
http://vplants.mortonarb.org/xsql/metadata/vphdr.xsql?id=1298</link><link>
http://vplants.mortonarb.org/xsql/metadata/vphdr.xsql?id=1299</link><link>
http://vplants.mortonarb.org/xsql/metadata/vphdr.xsql?id=1300</link><link>
http://vplants.mortonarb.org/xsql/metadata/vphdr.xsql?id=1301</link><link>
http://vplants.mortonarb.org/xsql/metadata/vphdr.xsql?id=1303</link><link>
http://vplants.mortonarb.org/xsql/metadata/vphdr.xsql?id=1304</link><link>
http://vplants.mortonarb.org/xsql/metadata/vphdr.xsql?id=1324</link><link>
http://vplants.mortonarb.org/xsql/metadata/vphdr.xsql?id=1326</link><link>
http://vplants.mortonarb.org/xsql/metadata/vphdr.xsql?id=1327</link><link>
http://vplants.mortonarb.org/xsql/metadata/vphdr.xsql?id=1328</link><link>
http://vplants.mortonarb.org/xsql/metadata/vphdr.xsql?id=1337</link><link>
http://vplants.mortonarb.org/xsql/metadata/vphdr.xsql?id=1338</link><link>
http://vplants.mortonarb.org/xsql/metadata/vphdr.xsql?id=1339</link><link>
http://vplants.mortonarb.org/xsql/metadata/vphdr.xsql?id=1340</link><link>
http://vplants.mortonarb.org/xsql/metadata/vphdr.xsql?id=1341</link><link>
http://vplants.mortonarb.org/xsql/metadata/vphdr.xsql?id=1342</link><link>
http://vplants.mortonarb.org/xsql/metadata/vphdr.xsql?id=1343</link><link>
http://vplants.mortonarb.org/xsql/metadata/vphdr.xsql?id=1344</link><link>
http://vplants.mortonarb.org/xsql/metadata/vphdr.xsql?id=1345</link><link>
http://vplants.mortonarb.org/xsql/metadata/vphdr.xsql?id=1346</link><link>
http://vplants.mortonarb.org/xsql/metadata/vphdr.xsql?id=1347</link><link>
http://vplants.mortonarb.org/xsql/metadata/vphdr.xsql?id=1361</link><link>
http://vplants.mortonarb.org/xsql/metadata/vphdr.xsql?id=1362</link><link>
http://vplants.mortonarb.org/xsql/metadata/vphdr.xsql?id=1363</link><link>
http://vplants.mortonarb.org/xsql/metadata/vphdr.xsql?id=1365</link><link>
http://vplants.mortonarb.org/xsql/metadata/vphdr.xsql?id=1366</link><link>
http://vplants.mortonarb.org/xsql/metadata/vphdr.xsql?id=1375</link><link>
http://vplants.mortonarb.org/xsql/metadata/vphdr.xsql?id=1376</link><link>
http://vplants.mortonarb.org/xsql/metadata/vphdr.xsql?id=1387</link><link>
http://vplants.mortonarb.org/xsql/metadata/vphdr.xsql?id=1388</link><link>
http://vplants.mortonarb.org/xsql/metadata/vphdr.xsql?id=1389</link><link>
http://vplants.mortonarb.org/xsql/metadata/vphdr.xsql?id=1390</link><link>
http://vplants.mortonarb.org/xsql/metadata/vphdr.xsql?id=1391</link><link>
http://vplants.mortonarb.org/xsql/metadata/vphdr.xsql?id=1392</link><link>
http://vplants.mortonarb.org/xsql/metadata/vphdr.xsql?id=1416</link><link>
http://vplants.mortonarb.org/xsql/metadata/vphdr.xsql?id=1422</link><link>
http://vplants.mortonarb.org/xsql/metadata/vphdr.xsql?id=1439</link><link>
http://vplants.mortonarb.org/xsql/metadata/vphdr.xsql?id=1440</link><link>
http://vplants.mortonarb.org/xsql/metadata/vphdr.xsql?id=1441</link><link>
http://vplants.mortonarb.org/xsql/metadata/vphdr.xsql?id=1442</link><link>
http://vplants.mortonarb.org/xsql/metadata/vphdr.xsql?id=1443</link><link>
http://vplants.mortonarb.org/xsql/metadata/vphdr.xsql?id=1444</link><link>
http://vplants.mortonarb.org/xsql/metadata/vphdr.xsql?id=1445</link><link>
http://vplants.mortonarb.org/xsql/metadata/vphdr.xsql?id=1468</link><link>
http://vplants.mortonarb.org/xsql/metadata/vphdr.xsql?id=1482</link><link>
http://vplants.mortonarb.org/xsql/metadata/vphdr.xsql?id=1488</link><link>
http://vplants.mortonarb.org/xsql/metadata/vphdr.xsql?id=1489</link><link>
http://vplants.mortonarb.org/xsql/metadata/vphdr.xsql?id=1491</link><link>
http://vplants.mortonarb.org/xsql/metadata/vphdr.xsql?id=1492</link><link>
http://vplants.mortonarb.org/xsql/metadata/vphdr.xsql?id=1493</link><link>
http://vplants.mortonarb.org/xsql/metadata/vphdr.xsql?id=1499</link><link>
http://vplants.mortonarb.org/xsql/metadata/vphdr.xsql?id=1501</link><link>
http://vplants.mortonarb.org/xsql/metadata/vphdr.xsql?id=1504</link><link>
http://vplants.mortonarb.org/xsql/metadata/vphdr.xsql?id=1507</link><link>
http://vplants.mortonarb.org/xsql/metadata/vphdr.xsql?id=1508</link><link>
http://vplants.mortonarb.org/xsql/metadata/vphdr.xsql?id=1509</link><link>
http://vplants.mortonarb.org/xsql/metadata/vphdr.xsql?id=1510</link><link>
http://vplants.mortonarb.org/xsql/metadata/vphdr.xsql?id=1512</link><link>
http://vplants.mortonarb.org/xsql/metadata/vphdr.xsql?id=1513</link><link>
http://vplants.mortonarb.org/xsql/metadata/vphdr.xsql?id=1515</link><link>
http://vplants.mortonarb.org/xsql/metadata/vphdr.xsql?id=1522</link><link>
http://vplants.mortonarb.org/xsql/metadata/vphdr.xsql?id=1523</link><link>
http://vplants.mortonarb.org/xsql/metadata/vphdr.xsql?id=1524</link><link>
http://vplants.mortonarb.org/xsql/metadata/vphdr.xsql?id=1537</link><link>
http://vplants.mortonarb.org/xsql/metadata/vphdr.xsql?id=1538</link><link>
http://vplants.mortonarb.org/xsql/metadata/vphdr.xsql?id=1539</link><link>
http://vplants.mortonarb.org/xsql/metadata/vphdr.xsql?id=1540</link><link>
http://vplants.mortonarb.org/xsql/metadata/vphdr.xsql?id=1584</link><link>
http://vplants.mortonarb.org/xsql/metadata/vphdr.xsql?id=1607</link><link>
http://vplants.mortonarb.org/xsql/metadata/vphdr.xsql?id=1614</link><link>
http://vplants.mortonarb.org/xsql/metadata/vphdr.xsql?id=1627</link><link>
http://vplants.mortonarb.org/xsql/metadata/vphdr.xsql?id=1628</link><link>
http://vplants.mortonarb.org/xsql/metadata/vphdr.xsql?id=1629</link><link>
http://vplants.mortonarb.org/xsql/metadata/vphdr.xsql?id=1630</link><link>
http://vplants.mortonarb.org/xsql/metadata/vphdr.xsql?id=1633</link><link>
http://vplants.mortonarb.org/xsql/metadata/vphdr.xsql?id=1692</link><link>
http://vplants.mortonarb.org/xsql/metadata/vphdr.xsql?id=1693</link><link>
http://vplants.mortonarb.org/xsql/metadata/vphdr.xsql?id=1695</link><link>
http://vplants.mortonarb.org/xsql/metadata/vphdr.xsql?id=1697</link><link>
http://vplants.mortonarb.org/xsql/metadata/vphdr.xsql?id=1698</link><link>
http://vplants.mortonarb.org/xsql/metadata/vphdr.xsql?id=1699</link><link>
http://vplants.mortonarb.org/xsql/metadata/vphdr.xsql?id=1700</link><link>
http://vplants.mortonarb.org/xsql/metadata/vphdr.xsql?id=1701</link><link>
http://vplants.mortonarb.org/xsql/metadata/vphdr.xsql?id=1702</link><link>
http://vplants.mortonarb.org/xsql/metadata/vphdr.xsql?id=1706</link><link>
http://vplants.mortonarb.org/xsql/metadata/vphdr.xsql?id=1742</link><link>
http://vplants.mortonarb.org/xsql/metadata/vphdr.xsql?id=1743</link><link>
http://vplants.mortonarb.org/xsql/metadata/vphdr.xsql?id=1758</link><link>
http://vplants.mortonarb.org/xsql/metadata/vphdr.xsql?id=1786</link><link>
http://vplants.mortonarb.org/xsql/metadata/vphdr.xsql?id=1888</link><link>
http://vplants.mortonarb.org/xsql/metadata/vphdr.xsql?id=1889</link><link>
http://vplants.mortonarb.org/xsql/metadata/vphdr.xsql?id=1907</link><link>
http://vplants.mortonarb.org/xsql/metadata/vphdr.xsql?id=1908</link><link>
http://vplants.mortonarb.org/xsql/metadata/vphdr.xsql?id=1910</link><link>
http://vplants.mortonarb.org/xsql/metadata/vphdr.xsql?id=1915</link><link>
http://vplants.mortonarb.org/xsql/metadata/vphdr.xsql?id=1916</link><link>
http://vplants.mortonarb.org/xsql/metadata/vphdr.xsql?id=1917</link><link>
http://vplants.mortonarb.org/xsql/metadata/vphdr.xsql?id=1919</link><link>
http://vplants.mortonarb.org/xsql/metadata/vphdr.xsql?id=1996</link><link>
http://vplants.mortonarb.org/xsql/metadata/vphdr.xsql?id=1998</link><link>
http://vplants.mortonarb.org/xsql/metadata/vphdr.xsql?id=1999</link><link>
http://vplants.mortonarb.org/xsql/metadata/vphdr.xsql?id=2000</link><link>
http://vplants.mortonarb.org/xsql/metadata/vphdr.xsql?id=2041</link><link>
http://vplants.mortonarb.org/xsql/metadata/vphdr.xsql?id=2042</link><link>
http://vplants.mortonarb.org/xsql/metadata/vphdr.xsql?id=2088</link><link>
http://vplants.mortonarb.org/xsql/metadata/vphdr.xsql?id=2089</link><link>
http://vplants.mortonarb.org/xsql/metadata/vphdr.xsql?id=2090</link><link>
http://vplants.mortonarb.org/xsql/metadata/vphdr.xsql?id=2091</link><link>
http://vplants.mortonarb.org/xsql/metadata/vphdr.xsql?id=2106</link><link>
http://vplants.mortonarb.org/xsql/metadata/vphdr.xsql?id=2107</link><link>
http://vplants.mortonarb.org/xsql/metadata/vphdr.xsql?id=2109</link><link>
http://vplants.mortonarb.org/xsql/metadata/vphdr.xsql?id=2114</link><link>
http://vplants.mortonarb.org/xsql/metadata/vphdr.xsql?id=2145</link><link>
http://vplants.mortonarb.org/xsql/metadata/vphdr.xsql?id=2146</link><link>
http://vplants.mortonarb.org/xsql/metadata/vphdr.xsql?id=2147</link><link>
http://vplants.mortonarb.org/xsql/metadata/vphdr.xsql?id=2148</link><link>
http://vplants.mortonarb.org/xsql/metadata/vphdr.xsql?id=2149</link><link>
http://vplants.mortonarb.org/xsql/metadata/vphdr.xsql?id=2151</link><link>
http://vplants.mortonarb.org/xsql/metadata/vphdr.xsql?id=2152</link><link>
http://vplants.mortonarb.org/xsql/metadata/vphdr.xsql?id=2286</link><link>
http://vplants.mortonarb.org/xsql/metadata/vphdr.xsql?id=2287</link><link>
http://vplants.mortonarb.org/xsql/metadata/vphdr.xsql?id=2288</link><link>
http://vplants.mortonarb.org/xsql/metadata/vphdr.xsql?id=2289</link><link>
http://vplants.mortonarb.org/xsql/metadata/vphdr.xsql?id=2291</link><link>
http://vplants.mortonarb.org/xsql/metadata/vphdr.xsql?id=2293</link><link>
http://vplants.mortonarb.org/xsql/metadata/vphdr.xsql?id=2301</link><link>
http://vplants.mortonarb.org/xsql/metadata/vphdr.xsql?id=2302</link><link>
http://vplants.mortonarb.org/xsql/metadata/vphdr.xsql?id=2304</link><link>
http://vplants.mortonarb.org/xsql/metadata/vphdr.xsql?id=2305</link><link>
http://vplants.mortonarb.org/xsql/metadata/vphdr.xsql?id=2306</link><link>
http://vplants.mortonarb.org/xsql/metadata/vphdr.xsql?id=2320</link><link>
http://vplants.mortonarb.org/xsql/metadata/vphdr.xsql?id=2322</link><link>
http://vplants.mortonarb.org/xsql/metadata/vphdr.xsql?id=2341</link><link>
http://vplants.mortonarb.org/xsql/metadata/vphdr.xsql?id=2342</link><link>
http://vplants.mortonarb.org/xsql/metadata/vphdr.xsql?id=2343</link><link>
http://vplants.mortonarb.org/xsql/metadata/vphdr.xsql?id=2355</link><link>
http://vplants.mortonarb.org/xsql/metadata/vphdr.xsql?id=2359</link><link>
http://vplants.mortonarb.org/xsql/metadata/vphdr.xsql?id=2361</link><link>
http://vplants.mortonarb.org/xsql/metadata/vphdr.xsql?id=2372</link><link>
http://vplants.mortonarb.org/xsql/metadata/vphdr.xsql?id=2374</link><link>
http://vplants.mortonarb.org/xsql/metadata/vphdr.xsql?id=2376</link><link>
http://vplants.mortonarb.org/xsql/metadata/vphdr.xsql?id=2377</link><link>
http://vplants.mortonarb.org/xsql/metadata/vphdr.xsql?id=2378</link><link>
http://vplants.mortonarb.org/xsql/metadata/vphdr.xsql?id=2379</link><link>
http://vplants.mortonarb.org/xsql/metadata/vphdr.xsql?id=2380</link><link>
http://vplants.mortonarb.org/xsql/metadata/vphdr.xsql?id=2381</link><link>
http://vplants.mortonarb.org/xsql/metadata/vphdr.xsql?id=2382</link><link>
http://vplants.mortonarb.org/xsql/metadata/vphdr.xsql?id=2383</link><link>
http://vplants.mortonarb.org/xsql/metadata/vphdr.xsql?id=2399</link><link>
http://vplants.mortonarb.org/xsql/metadata/vphdr.xsql?id=2441</link><link>
http://vplants.mortonarb.org/xsql/metadata/vphdr.xsql?id=2442</link><link>
http://vplants.mortonarb.org/xsql/metadata/vphdr.xsql?id=2443</link><link>
http://vplants.mortonarb.org/xsql/metadata/vphdr.xsql?id=2444</link><link>
http://vplants.mortonarb.org/xsql/metadata/vphdr.xsql?id=2465</link><link>
http://vplants.mortonarb.org/xsql/metadata/vphdr.xsql?id=2466</link><link>
http://vplants.mortonarb.org/xsql/metadata/vphdr.xsql?id=2467</link><link>
http://vplants.mortonarb.org/xsql/metadata/vphdr.xsql?id=2468</link><link>
http://vplants.mortonarb.org/xsql/metadata/vphdr.xsql?id=2469</link><link>
http://vplants.mortonarb.org/xsql/metadata/vphdr.xsql?id=2471</link><link>
http://vplants.mortonarb.org/xsql/metadata/vphdr.xsql?id=2472</link><link>
http://vplants.mortonarb.org/xsql/metadata/vphdr.xsql?id=2473</link><link>
http://vplants.mortonarb.org/xsql/metadata/vphdr.xsql?id=2474</link><link>
http://vplants.mortonarb.org/xsql/metadata/vphdr.xsql?id=2475</link><link>
http://vplants.mortonarb.org/xsql/metadata/vphdr.xsql?id=2476</link><link>
http://vplants.mortonarb.org/xsql/metadata/vphdr.xsql?id=2477</link><link>
http://vplants.mortonarb.org/xsql/metadata/vphdr.xsql?id=2478</link><link>
http://vplants.mortonarb.org/xsql/metadata/vphdr.xsql?id=2479</link><link>
http://vplants.mortonarb.org/xsql/metadata/vphdr.xsql?id=2490</link><link>
http://vplants.mortonarb.org/xsql/metadata/vphdr.xsql?id=2491</link><link>
http://vplants.mortonarb.org/xsql/metadata/vphdr.xsql?id=2492</link><link>
http://vplants.mortonarb.org/xsql/metadata/vphdr.xsql?id=2493</link><link>
http://vplants.mortonarb.org/xsql/metadata/vphdr.xsql?id=2494</link><link>
http://vplants.mortonarb.org/xsql/metadata/vphdr.xsql?id=2495</link><link>
http://vplants.mortonarb.org/xsql/metadata/vphdr.xsql?id=2496</link><link>
http://vplants.mortonarb.org/xsql/metadata/vphdr.xsql?id=2497</link><link>
http://vplants.mortonarb.org/xsql/metadata/vphdr.xsql?id=2498</link><link>
http://vplants.mortonarb.org/xsql/metadata/vphdr.xsql?id=2532</link><link>
http://vplants.mortonarb.org/xsql/metadata/vphdr.xsql?id=2540</link><link>
http://vplants.mortonarb.org/xsql/metadata/vphdr.xsql?id=2557</link><link>
http://vplants.mortonarb.org/xsql/metadata/vphdr.xsql?id=2560</link><link>
http://vplants.mortonarb.org/xsql/metadata/vphdr.xsql?id=2562</link><link>
http://vplants.mortonarb.org/xsql/metadata/vphdr.xsql?id=2590</link><link>
http://vplants.mortonarb.org/xsql/metadata/vphdr.xsql?id=2594</link><link>
http://vplants.mortonarb.org/xsql/metadata/vphdr.xsql?id=2602</link><link>
http://vplants.mortonarb.org/xsql/metadata/vphdr.xsql?id=2647</link><link>
http://vplants.mortonarb.org/xsql/metadata/vphdr.xsql?id=2648</link><link>
http://vplants.mortonarb.org/xsql/metadata/vphdr.xsql?id=2718</link><link>
http://vplants.mortonarb.org/xsql/metadata/vphdr.xsql?id=2719</link><link>
http://vplants.mortonarb.org/xsql/metadata/vphdr.xsql?id=2739</link><link>
http://vplants.mortonarb.org/xsql/metadata/vphdr.xsql?id=2771</link><link>
http://vplants.mortonarb.org/xsql/metadata/vphdr.xsql?id=2773</link><link>
http://vplants.mortonarb.org/xsql/metadata/vphdr.xsql?id=2774</link><link>
http://vplants.mortonarb.org/xsql/metadata/vphdr.xsql?id=2775</link><link>
http://vplants.mortonarb.org/xsql/metadata/vphdr.xsql?id=2776</link><link>
http://vplants.mortonarb.org/xsql/metadata/vphdr.xsql?id=2777</link><link>
http://vplants.mortonarb.org/xsql/metadata/vphdr.xsql?id=2778</link><link>
http://vplants.mortonarb.org/xsql/metadata/vphdr.xsql?id=2788</link><link>
http://vplants.mortonarb.org/xsql/metadata/vphdr.xsql?id=2856</link><link>
http://vplants.mortonarb.org/xsql/metadata/vphdr.xsql?id=2857</link><link>
http://vplants.mortonarb.org/xsql/metadata/vphdr.xsql?id=2878</link><link>
http://vplants.mortonarb.org/xsql/metadata/vphdr.xsql?id=2917</link><link>
http://vplants.mortonarb.org/xsql/metadata/vphdr.xsql?id=2918</link><link>
http://vplants.mortonarb.org/xsql/metadata/vphdr.xsql?id=2919</link><link>
http://vplants.mortonarb.org/xsql/metadata/vphdr.xsql?id=2920</link><link>
http://vplants.mortonarb.org/xsql/metadata/vphdr.xsql?id=2921</link><link>
http://vplants.mortonarb.org/xsql/metadata/vphdr.xsql?id=2926</link><link>
http://vplants.mortonarb.org/xsql/metadata/vphdr.xsql?id=2927</link><link>
http://vplants.mortonarb.org/xsql/metadata/vphdr.xsql?id=2934</link><link>
http://vplants.mortonarb.org/xsql/metadata/vphdr.xsql?id=2936</link><link>
http://vplants.mortonarb.org/xsql/metadata/vphdr.xsql?id=2940</link><link>
http://vplants.mortonarb.org/xsql/metadata/vphdr.xsql?id=2941</link><link>
http://vplants.mortonarb.org/xsql/metadata/vphdr.xsql?id=2943</link><link>
http://vplants.mortonarb.org/xsql/metadata/vphdr.xsql?id=2944</link><link>
http://vplants.mortonarb.org/xsql/metadata/vphdr.xsql?id=2956</link><link>
http://vplants.mortonarb.org/xsql/metadata/vphdr.xsql?id=2968</link><link>
http://vplants.mortonarb.org/xsql/metadata/vphdr.xsql?id=2973</link><link>
http://vplants.mortonarb.org/xsql/metadata/vphdr.xsql?id=2974</link><link>
http://vplants.mortonarb.org/xsql/metadata/vphdr.xsql?id=2975</link><link>
http://vplants.mortonarb.org/xsql/metadata/vphdr.xsql?id=2987</link><link>
http://vplants.mortonarb.org/xsql/metadata/vphdr.xsql?id=2997</link><link>
http://vplants.mortonarb.org/xsql/metadata/vphdr.xsql?id=3016</link><link>
http://vplants.mortonarb.org/xsql/metadata/vphdr.xsql?id=3020</link><link>
http://vplants.mortonarb.org/xsql/metadata/vphdr.xsql?id=3021</link><link>
http://vplants.mortonarb.org/xsql/metadata/vphdr.xsql?id=3022</link><link>
http://vplants.mortonarb.org/xsql/metadata/vphdr.xsql?id=3023</link><link>
http://vplants.mortonarb.org/xsql/metadata/vphdr.xsql?id=3024</link><link>
http://vplants.mortonarb.org/xsql/metadata/vphdr.xsql?id=3025</link><link>
http://vplants.mortonarb.org/xsql/metadata/vphdr.xsql?id=3026</link><link>
http://vplants.mortonarb.org/xsql/metadata/vphdr.xsql?id=3027</link><link>
http://vplants.mortonarb.org/xsql/metadata/vphdr.xsql?id=3028</link><link>
http://vplants.mortonarb.org/xsql/metadata/vphdr.xsql?id=3058</link><link>
http://vplants.mortonarb.org/xsql/metadata/vphdr.xsql?id=3083</link><link>
http://vplants.mortonarb.org/xsql/metadata/vphdr.xsql?id=3094</link><link>
http://vplants.mortonarb.org/xsql/metadata/vphdr.xsql?id=3143</link><link>
http://vplants.mortonarb.org/xsql/metadata/vphdr.xsql?id=3144</link><link>
http://vplants.mortonarb.org/xsql/metadata/vphdr.xsql?id=3174</link><link>
http://vplants.mortonarb.org/xsql/metadata/vphdr.xsql?id=3176</link><link>
http://vplants.mortonarb.org/xsql/metadata/vphdr.xsql?id=3181</link><link>
http://vplants.mortonarb.org/xsql/metadata/vphdr.xsql?id=3187</link><link>
http://vplants.mortonarb.org/xsql/metadata/vphdr.xsql?id=3200</link><link>
http://vplants.mortonarb.org/xsql/metadata/vphdr.xsql?id=3201</link><link>
http://vplants.mortonarb.org/xsql/metadata/vphdr.xsql?id=3202</link><link>
http://vplants.mortonarb.org/xsql/metadata/vphdr.xsql?id=3204</link><link>
http://vplants.mortonarb.org/xsql/metadata/vphdr.xsql?id=3205</link><link>
http://vplants.mortonarb.org/xsql/metadata/vphdr.xsql?id=3219</link><link>
http://vplants.mortonarb.org/xsql/metadata/vphdr.xsql?id=3222</link><link>
http://vplants.mortonarb.org/xsql/metadata/vphdr.xsql?id=3223</link><link>
http://vplants.mortonarb.org/xsql/metadata/vphdr.xsql?id=3224</link><link>
http://vplants.mortonarb.org/xsql/metadata/vphdr.xsql?id=3230</link><link>
http://vplants.mortonarb.org/xsql/metadata/vphdr.xsql?id=3231</link><link>
http://vplants.mortonarb.org/xsql/metadata/vphdr.xsql?id=3232</link><link>
http://vplants.mortonarb.org/xsql/metadata/vphdr.xsql?id=3233</link><link>
http://vplants.mortonarb.org/xsql/metadata/vphdr.xsql?id=3389</link><link>
http://vplants.mortonarb.org/xsql/metadata/vphdr.xsql?id=3458</link><link>
http://vplants.mortonarb.org/xsql/metadata/vphdr.xsql?id=3459</link><link>
http://vplants.mortonarb.org/xsql/metadata/vphdr.xsql?id=3483</link></taxon>
</index>