<?xml version = "1.0" encoding = "UTF-8"?>

<!--Specimen Example-->
<spm xmlns:xsi = "http://www.w3.org/2001/XMLSchema-instance" xsi:noNamespaceSchemaLocation = "http://www.vplants.org/metadata/vpspm.xsd">
	<colldate>
		<month>08</month>
		<day>13</day>
		<year>1892</year>
	</colldate>
	<collectors>
		<pcoll>
			<fname>W</fname>
			<mname>S</mname>
			<lname>Moffatt</lname>
		</pcoll>
	</collectors>
	<sitegeo>
		<state>IL</state>
		<county>DuPage</county>
		<city>Elmhurst</city>
	</sitegeo>
	<sitesurvey>
		<twp>
			<twpnum>12</twpnum>
			<twpdir>N</twpdir>
		</twp>
		<rng>
			<rngnum>23</rngnum>
			<rngdir>W</rngdir>
		</rng>
		<sec>
			<secnum>10</secnum>
			<secdtl>NW1/4</secdtl>
		</sec>
	</sitesurvey>
	<habitat>Prairies</habitat>
	<homepg>
		<link>http://www.mortonarb.org/vplants/AccPage?acc=136656</link>
		<hab data = "H"/>
		<assoc data = "H"/>
		<annot data = "H"/>
		<image type = "preview">http://www.mortonarb.org/vplants/images/136656pw.jpg</image>
		<image type = "full">http://www.mortonarb.org/vplants/images/136656fl.jpg</image>
	</homepg>
	<crdate>
		<month>04</month>
		<day>13</day>
		<year>2001</year>
	</crdate>
</spm>